-- Tạo bảng Danh mục Khoa
CREATE TABLE DMKHOA (
    MAKHOA CHAR(2) PRIMARY KEY,
    TENKHOA NVARCHAR2(30) NOT NULL
);

-- Tạo bảng Danh mục Môn học
CREATE TABLE DMMH (
    MAMH CHAR(2) PRIMARY KEY,
    TENMH NVARCHAR2(35) NOT NULL,
    SOTIET NUMBER(3)
);

-- Tạo bảng Danh mục Sinh viên
CREATE TABLE DMSV (
    MASV CHAR(3) PRIMARY KEY,
    HOSV NVARCHAR2(30),
    TENSV NVARCHAR2(10),
    PHAI NVARCHAR2(3),
    NGAYSINH DATE,
    NOISINH NVARCHAR2(25),
    MAKH CHAR(2),
    HOCBONG NUMBER(10,0),
    CONSTRAINT FK_DMSV_DMKHOA FOREIGN KEY (MAKH) REFERENCES DMKHOA(MAKHOA)
);

-- Tạo bảng Kết quả (Khóa chính gồm 2 cột)
CREATE TABLE KETQUA (
    MASV CHAR(3),
    MAMH CHAR(2),
    DIEM NUMBER(4,2), -- Giả định thêm cột điểm để lưu trữ
    CONSTRAINT PK_KETQUA PRIMARY KEY (MASV, MAMH),
    CONSTRAINT FK_KETQUA_DMSV FOREIGN KEY (MASV) REFERENCES DMSV(MASV),
    CONSTRAINT FK_KETQUA_DMMH FOREIGN KEY (MAMH) REFERENCES DMMH(MAMH)
);

INSERT INTO DMKHOA VALUES ('AV', N'Anh Văn');
INSERT INTO DMKHOA VALUES ('TH', N'Tin Học');
INSERT INTO DMKHOA VALUES ('VL', N'Vật Lý');
INSERT INTO DMKHOA VALUES ('HH', N'Hóa Học');
INSERT INTO DMKHOA VALUES ('QT', N'Quản Trị');
INSERT INTO DMKHOA VALUES ('KT', N'Kế Toán');
INSERT INTO DMKHOA VALUES ('DL', N'Du Lịch');
INSERT INTO DMKHOA VALUES ('LS', N'Lịch Sử');
INSERT INTO DMKHOA VALUES ('VH', N'Văn Học');
INSERT INTO DMKHOA VALUES ('YD', N'Y Dược');

INSERT INTO DMMH VALUES ('01', N'Cơ sở dữ liệu', 45);
INSERT INTO DMMH VALUES ('02', N'Trí tuệ nhân tạo', 60);
INSERT INTO DMMH VALUES ('03', N'Tiếng Anh cơ bản', 30);
INSERT INTO DMMH VALUES ('04', N'Toán cao cấp', 60);
INSERT INTO DMMH VALUES ('05', N'Mạng máy tính', 45);
INSERT INTO DMMH VALUES ('06', N'Lập trình Web', 45);
INSERT INTO DMMH VALUES ('07', N'Quản trị dự án', 30);
INSERT INTO DMMH VALUES ('08', N'Kỹ năng mềm', 15);
INSERT INTO DMMH VALUES ('09', N'Đồ họa máy tính', 45);
INSERT INTO DMMH VALUES ('10', N'Cấu trúc dữ liệu', 60);

INSERT INTO DMSV VALUES ('S01', N'Nguyễn Văn', N'An', N'Nam', TO_DATE('2003-01-15', 'YYYY-MM-DD'), N'TP.HCM', 'TH', 500000);
INSERT INTO DMSV VALUES ('S02', N'Trần Thị', N'Bình', N'Nữ', TO_DATE('2003-03-20', 'YYYY-MM-DD'), N'Hà Nội', 'AV', 0);
INSERT INTO DMSV VALUES ('S03', N'Lê Hoàng', N'Cường', N'Nam', TO_DATE('2002-12-05', 'YYYY-MM-DD'), N'Đà Nẵng', 'TH', 1000000);
INSERT INTO DMSV VALUES ('S04', N'Phạm Minh', N'Dũng', N'Nam', TO_DATE('2004-05-10', 'YYYY-MM-DD'), N'Cần Thơ', 'QT', 200000);
INSERT INTO DMSV VALUES ('S05', N'Hoàng Lan', N'Anh', N'Nữ', TO_DATE('2003-08-25', 'YYYY-MM-DD'), N'Huế', 'KT', 0);
INSERT INTO DMSV VALUES ('S06', N'Ngô Quốc', N'Bảo', N'Nam', TO_DATE('2002-11-12', 'YYYY-MM-DD'), N'TP.HCM', 'VL', 0);
INSERT INTO DMSV VALUES ('S07', N'Vũ Tuyết', N'Mai', N'Nữ', TO_DATE('2004-02-28', 'YYYY-MM-DD'), N'Hải Phòng', 'DL', 800000);
INSERT INTO DMSV VALUES ('S08', N'Lý Phương', N'Thảo', N'Nữ', TO_DATE('2003-06-14', 'YYYY-MM-DD'), N'Long An', 'HH', 0);
INSERT INTO DMSV VALUES ('S09', N'Đặng Gia', N'Huy', N'Nam', TO_DATE('2003-09-09', 'YYYY-MM-DD'), N'Quảng Nam', 'VH', 0);
INSERT INTO DMSV VALUES ('S10', N'Bùi Thanh', N'Tâm', N'Nam', TO_DATE('2002-07-21', 'YYYY-MM-DD'), N'Đồng Nai', 'TH', 400000);

INSERT INTO KETQUA VALUES ('S01', '01', 8.5);
INSERT INTO KETQUA VALUES ('S01', '02', 7.0);
INSERT INTO KETQUA VALUES ('S02', '03', 9.0);
INSERT INTO KETQUA VALUES ('S03', '01', 4.5);
INSERT INTO KETQUA VALUES ('S03', '05', 8.0);
INSERT INTO KETQUA VALUES ('S04', '04', 6.5);
INSERT INTO KETQUA VALUES ('S05', '07', 5.5);
INSERT INTO KETQUA VALUES ('S07', '08', 10.0);
INSERT INTO KETQUA VALUES ('S10', '01', 9.5);
INSERT INTO KETQUA VALUES ('S10', '10', 8.0);
 COMMIT ;